Date,Open,High,Low,Close,Adj Close,Volume
2021-01-04 00:00:00-05:00,48.400001525878906,49.83000183105469,47.18000030517578,47.619998931884766,47.619998931884766,528525
2021-01-05 00:00:00-05:00,47.380001068115234,50.20000076293945,47.2400016784668,49.93000030517578,49.93000030517578,643191
2021-01-06 00:00:00-05:00,49.81999969482422,50.939998626708984,49.47999954223633,50.630001068115234,50.630001068115234,509365
2021-01-07 00:00:00-05:00,50.529998779296875,51.279998779296875,50.38999938964844,50.83000183105469,50.83000183105469,369292
2021-01-08 00:00:00-05:00,50.93000030517578,52.75,50.810001373291016,52.2400016784668,52.2400016784668,499416
2021-01-11 00:00:00-05:00,52.58000183105469,52.70000076293945,51.5,52.25,52.25,394822
2021-01-12 00:00:00-05:00,52.18000030517578,53.45000076293945,52.06999969482422,53.209999084472656,53.209999084472656,400200
2021-01-13 00:00:00-05:00,53.310001373291016,53.93000030517578,52.58000183105469,52.90999984741211,52.90999984741211,429898
2021-01-14 00:00:00-05:00,52.84000015258789,53.75,52.2400016784668,53.56999969482422,53.56999969482422,390087
2021-01-15 00:00:00-05:00,53.79999923706055,53.83000183105469,51.83000183105469,52.36000061035156,52.36000061035156,165668
2021-01-19 00:00:00-05:00,52.0,53.130001068115234,51.7599983215332,52.97999954223633,52.97999954223633,125964
2021-01-20 00:00:00-05:00,53.130001068115234,53.790000915527344,53.04999923706055,53.2400016784668,53.2400016784668,400301
2021-01-21 00:00:00-05:00,52.93000030517578,53.40999984741211,52.75,53.130001068115234,53.130001068115234,352397
2021-01-22 00:00:00-05:00,53.099998474121094,53.15999984741211,51.439998626708984,52.27000045776367,52.27000045776367,437484
2021-01-25 00:00:00-05:00,52.16999816894531,52.95000076293945,51.81999969482422,52.77000045776367,52.77000045776367,349076
2021-01-26 00:00:00-05:00,52.90999984741211,53.25,52.290000915527344,52.61000061035156,52.61000061035156,314538
2021-01-27 00:00:00-05:00,52.7599983215332,53.29999923706055,51.849998474121094,52.849998474121094,52.849998474121094,442376
2021-01-28 00:00:00-05:00,52.650001525878906,53.58000183105469,52.040000915527344,52.34000015258789,52.34000015258789,411406
2021-01-29 00:00:00-05:00,52.150001525878906,53.25,51.93000030517578,52.20000076293945,52.20000076293945,410914
2021-02-01 00:00:00-05:00,51.9900016784668,53.7400016784668,51.63999938964844,53.54999923706055,53.54999923706055,416067
2021-02-02 00:00:00-05:00,53.47999954223633,55.2599983215332,53.45000076293945,54.7599983215332,54.7599983215332,463718
2021-02-03 00:00:00-05:00,55.04999923706055,56.33000183105469,54.810001373291016,55.689998626708984,55.689998626708984,448693
2021-02-04 00:00:00-05:00,55.959999084472656,56.58000183105469,55.29999923706055,56.22999954223633,56.22999954223633,381404
2021-02-05 00:00:00-05:00,56.459999084472656,57.290000915527344,56.43000030517578,56.849998474121094,56.849998474121094,400833
2021-02-08 00:00:00-05:00,57.060001373291016,58.13999938964844,57.0,57.970001220703125,57.970001220703125,399724
2021-02-09 00:00:00-05:00,58.11000061035156,58.619998931884766,57.27000045776367,58.36000061035156,58.36000061035156,514698
2021-02-10 00:00:00-05:00,58.45000076293945,58.90999984741211,58.08000183105469,58.68000030517578,58.68000030517578,457535
2021-02-11 00:00:00-05:00,58.400001525878906,58.709999084472656,57.84000015258789,58.2400016784668,58.2400016784668,380445
2021-02-12 00:00:00-05:00,57.939998626708984,59.81999969482422,57.40999984741211,59.470001220703125,59.470001220703125,480822
2021-02-16 00:00:00-05:00,59.97999954223633,60.95000076293945,59.33000183105469,60.04999923706055,60.04999923706055,602332
2021-02-17 00:00:00-05:00,60.2400016784668,61.72999954223633,59.43000030517578,61.13999938964844,61.13999938964844,335419
2021-02-18 00:00:00-05:00,61.68000030517578,62.2599983215332,59.790000915527344,60.52000045776367,60.52000045776367,132035
2021-02-19 00:00:00-05:00,60.20000076293945,60.290000915527344,58.59000015258789,59.2400016784668,59.2400016784668,102427
2021-02-22 00:00:00-05:00,58.880001068115234,61.84000015258789,58.81999969482422,61.4900016784668,61.4900016784668,505773
2021-02-23 00:00:00-05:00,62.15999984741211,63.0,60.66999816894531,61.66999816894531,61.66999816894531,570677
2021-02-24 00:00:00-05:00,61.290000915527344,63.5099983215332,60.970001220703125,63.220001220703125,63.220001220703125,489933
2021-02-25 00:00:00-05:00,63.38999938964844,63.810001373291016,62.650001525878906,63.529998779296875,63.529998779296875,510357
2021-02-26 00:00:00-05:00,63.459999084472656,63.56999969482422,61.34000015258789,61.5,61.5,472723
2021-03-01 00:00:00-05:00,61.95000076293945,62.91999816894531,59.959999084472656,60.63999938964844,60.63999938964844,456679
2021-03-02 00:00:00-05:00,60.22999954223633,61.209999084472656,59.380001068115234,59.75,59.75,464133
2021-03-03 00:00:00-05:00,59.54999923706055,61.9900016784668,59.2400016784668,61.279998779296875,61.279998779296875,465311
2021-03-04 00:00:00-05:00,61.08000183105469,64.86000061035156,60.52000045776367,63.83000183105469,63.83000183105469,694628
2021-03-05 00:00:00-05:00,64.16000366210938,66.41999816894531,63.81999969482422,66.08999633789062,66.08999633789062,573168
2021-03-08 00:00:00-05:00,66.68000030517578,67.9800033569336,64.56999969482422,65.05000305175781,65.05000305175781,533376
2021-03-09 00:00:00-05:00,64.7300033569336,65.9800033569336,63.630001068115234,64.01000213623047,64.01000213623047,554564
2021-03-10 00:00:00-05:00,63.84000015258789,64.95999908447266,63.130001068115234,64.44000244140625,64.44000244140625,498488
2021-03-11 00:00:00-05:00,64.69999694824219,66.20999908447266,64.54000091552734,66.0199966430664,66.0199966430664,441063
2021-03-12 00:00:00-05:00,65.95999908447266,66.23999786376953,65.41000366210938,65.61000061035156,65.61000061035156,321714
2021-03-15 00:00:00-04:00,65.55999755859375,66.4000015258789,64.12999725341797,65.38999938964844,65.38999938964844,378009
2021-03-16 00:00:00-04:00,65.33000183105469,65.43000030517578,63.79999923706055,64.80000305175781,64.80000305175781,317537
2021-03-17 00:00:00-04:00,64.75,65.33999633789062,63.599998474121094,64.5999984741211,64.5999984741211,254724
2021-03-18 00:00:00-04:00,64.41999816894531,64.81999969482422,58.20000076293945,60.0,60.0,143597
2021-03-19 00:00:00-04:00,59.560001373291016,61.720001220703125,58.939998626708984,61.41999816894531,61.41999816894531,84171
2021-03-22 00:00:00-04:00,61.54999923706055,61.900001525878906,60.38999938964844,61.54999923706055,61.54999923706055,404370
2021-03-23 00:00:00-04:00,61.279998779296875,61.349998474121094,57.25,57.7599983215332,57.7599983215332,712317
2021-03-24 00:00:00-04:00,57.400001525878906,61.34000015258789,57.290000915527344,61.18000030517578,61.18000030517578,566291
2021-03-25 00:00:00-04:00,60.79999923706055,60.86000061035156,57.439998626708984,58.560001373291016,58.560001373291016,580105
2021-03-26 00:00:00-04:00,58.47999954223633,61.36000061035156,58.31999969482422,60.970001220703125,60.970001220703125,471996
2021-03-29 00:00:00-04:00,60.93000030517578,61.77000045776367,59.40999984741211,61.560001373291016,61.560001373291016,449360
2021-03-30 00:00:00-04:00,61.959999084472656,62.27000045776367,59.939998626708984,60.54999923706055,60.54999923706055,388188
2021-03-31 00:00:00-04:00,60.45000076293945,61.16999816894531,58.849998474121094,59.15999984741211,59.15999984741211,414162
2021-04-01 00:00:00-04:00,59.4900016784668,61.75,58.86000061035156,61.45000076293945,61.45000076293945,605567
2021-04-05 00:00:00-04:00,61.5,61.5,57.630001068115234,58.650001525878906,58.650001525878906,438864
2021-04-06 00:00:00-04:00,58.79999923706055,60.900001525878906,58.619998931884766,59.33000183105469,59.33000183105469,457348
2021-04-07 00:00:00-04:00,59.2599983215332,60.040000915527344,58.119998931884766,59.77000045776367,59.77000045776367,475537
2021-04-08 00:00:00-04:00,59.52000045776367,59.93000030517578,58.81999969482422,59.599998474121094,59.599998474121094,419913
2021-04-09 00:00:00-04:00,59.7599983215332,59.95000076293945,59.099998474121094,59.31999969482422,59.31999969482422,351436
2021-04-12 00:00:00-04:00,59.349998474121094,60.77000045776367,58.72999954223633,59.70000076293945,59.70000076293945,410218
2021-04-13 00:00:00-04:00,59.63999938964844,60.59000015258789,59.63999938964844,60.18000030517578,60.18000030517578,349733
2021-04-14 00:00:00-04:00,60.439998626708984,63.439998626708984,60.380001068115234,63.150001525878906,63.150001525878906,419813
2021-04-15 00:00:00-04:00,62.83000183105469,63.56999969482422,62.529998779296875,63.459999084472656,63.459999084472656,243370
2021-04-16 00:00:00-04:00,63.31999969482422,63.880001068115234,62.83000183105469,63.130001068115234,63.130001068115234,87795
2021-04-19 00:00:00-04:00,62.97999954223633,63.630001068115234,62.630001068115234,63.380001068115234,63.380001068115234,74384
2021-04-20 00:00:00-04:00,63.470001220703125,64.25,61.5,62.439998626708984,62.439998626708984,476046
2021-04-21 00:00:00-04:00,62.38999938964844,62.560001373291016,60.86000061035156,61.349998474121094,61.349998474121094,431486
2021-04-22 00:00:00-04:00,61.11000061035156,61.869998931884766,60.61000061035156,61.43000030517578,61.43000030517578,344700
2021-04-23 00:00:00-04:00,61.650001525878906,62.43000030517578,61.25,62.13999938964844,62.13999938964844,345407
2021-04-26 00:00:00-04:00,62.060001373291016,62.310001373291016,60.65999984741211,61.90999984741211,61.90999984741211,366865
2021-04-27 00:00:00-04:00,61.970001220703125,63.29999923706055,61.90999984741211,62.939998626708984,62.939998626708984,361536
2021-04-28 00:00:00-04:00,63.040000915527344,64.52999877929688,62.66999816894531,63.86000061035156,63.86000061035156,387683
2021-04-29 00:00:00-04:00,63.70000076293945,65.47000122070312,63.650001525878906,65.01000213623047,65.01000213623047,384489
2021-04-30 00:00:00-04:00,64.87999725341797,64.94999694824219,63.08000183105469,63.58000183105469,63.58000183105469,400515
2021-05-03 00:00:00-04:00,63.63999938964844,64.68000030517578,62.90999984741211,64.48999786376953,64.48999786376953,285969
2021-05-04 00:00:00-04:00,64.52999877929688,66.19000244140625,64.29000091552734,65.69000244140625,65.69000244140625,370208
2021-05-05 00:00:00-04:00,66.44999694824219,66.76000213623047,64.91999816894531,65.62999725341797,65.62999725341797,460066
2021-05-06 00:00:00-04:00,65.2699966430664,65.9800033569336,64.5,64.70999908447266,64.70999908447266,389214
2021-05-07 00:00:00-04:00,64.9000015258789,65.23999786376953,63.900001525878906,64.9000015258789,64.9000015258789,431417
2021-05-10 00:00:00-04:00,65.56999969482422,65.75,63.95000076293945,64.91999816894531,64.91999816894531,448337
2021-05-11 00:00:00-04:00,64.9000015258789,65.5,63.68000030517578,65.27999877929688,65.27999877929688,514949
2021-05-12 00:00:00-04:00,65.45999908447266,66.62999725341797,64.97000122070312,66.08000183105469,66.08000183105469,508519
2021-05-13 00:00:00-04:00,65.75,65.80999755859375,63.09000015258789,63.81999969482422,63.81999969482422,547691
2021-05-14 00:00:00-04:00,63.83000183105469,65.62000274658203,63.33000183105469,65.37000274658203,65.37000274658203,383749
2021-05-17 00:00:00-04:00,65.5,66.43000030517578,64.83000183105469,66.2699966430664,66.2699966430664,268476
2021-05-18 00:00:00-04:00,66.33000183105469,67.01000213623047,64.11000061035156,65.48999786376953,65.48999786376953,167348
2021-05-19 00:00:00-04:00,65.27999877929688,65.3499984741211,61.95000076293945,63.36000061035156,63.36000061035156,101902
2021-05-20 00:00:00-04:00,63.38999938964844,63.959999084472656,61.88999938964844,62.04999923706055,62.04999923706055,524168
2021-05-21 00:00:00-04:00,61.88999938964844,64.06999969482422,61.560001373291016,63.58000183105469,63.58000183105469,530831
2021-05-24 00:00:00-04:00,63.869998931884766,66.13999938964844,63.630001068115234,66.05000305175781,66.05000305175781,466647
2021-05-25 00:00:00-04:00,66.0199966430664,66.51000213623047,65.41000366210938,66.06999969482422,66.06999969482422,497394
2021-05-26 00:00:00-04:00,66.04000091552734,66.43000030517578,65.25,66.20999908447266,66.20999908447266,376207
2021-05-27 00:00:00-04:00,66.16000366210938,66.91999816894531,65.47000122070312,66.8499984741211,66.8499984741211,337542
2021-05-28 00:00:00-04:00,66.94999694824219,67.5199966430664,66.16999816894531,66.31999969482422,66.31999969482422,390461
2021-06-01 00:00:00-04:00,66.68000030517578,68.87000274658203,66.41000366210938,67.72000122070312,67.72000122070312,570985
2021-06-02 00:00:00-04:00,67.98999786376953,69.0,67.77999877929688,68.83000183105469,68.83000183105469,332995
2021-06-03 00:00:00-04:00,68.76000213623047,69.4000015258789,68.19000244140625,68.80999755859375,68.80999755859375,351367
2021-06-04 00:00:00-04:00,68.91000366210938,69.76000213623047,68.33000183105469,69.62000274658203,69.62000274658203,326250
2021-06-07 00:00:00-04:00,69.5199966430664,70.0,68.93000030517578,69.2300033569336,69.2300033569336,365621
2021-06-08 00:00:00-04:00,69.29000091552734,70.2699966430664,68.47000122070312,70.05000305175781,70.05000305175781,441302
2021-06-09 00:00:00-04:00,70.01000213623047,70.62000274658203,69.45999908447266,69.95999908447266,69.95999908447266,410820
2021-06-10 00:00:00-04:00,69.76000213623047,70.6500015258789,68.68000030517578,70.29000091552734,70.29000091552734,492464
2021-06-11 00:00:00-04:00,70.0999984741211,71.23999786376953,69.68000030517578,70.91000366210938,70.91000366210938,563575
2021-06-14 00:00:00-04:00,70.6500015258789,71.77999877929688,70.6500015258789,70.87999725341797,70.87999725341797,319639
2021-06-15 00:00:00-04:00,71.16000366210938,72.48999786376953,70.80999755859375,72.12000274658203,72.12000274658203,336035
2021-06-16 00:00:00-04:00,72.44999694824219,72.98999786376953,71.61000061035156,72.1500015258789,72.1500015258789,426775
2021-06-17 00:00:00-04:00,71.6500015258789,72.30000305175781,69.7699966430664,71.04000091552734,71.04000091552734,373780
2021-06-18 00:00:00-04:00,71.0999984741211,72.16999816894531,70.16000366210938,71.63999938964844,71.63999938964844,139584
2021-06-21 00:00:00-04:00,71.5199966430664,73.95999908447266,71.1500015258789,73.66000366210938,73.66000366210938,123662
2021-06-22 00:00:00-04:00,73.41000366210938,73.94999694824219,72.94000244140625,73.05999755859375,73.05999755859375,498555
2021-06-23 00:00:00-04:00,72.91000366210938,74.25,72.81999969482422,73.08000183105469,73.08000183105469,429207
2021-06-24 00:00:00-04:00,73.27999877929688,73.61000061035156,72.31999969482422,73.30000305175781,73.30000305175781,334833
2021-06-25 00:00:00-04:00,73.31999969482422,74.18000030517578,72.8499984741211,74.05000305175781,74.05000305175781,364721
2021-06-28 00:00:00-04:00,73.98999786376953,74.44999694824219,72.62000274658203,72.91000366210938,72.91000366210938,354701
2021-06-29 00:00:00-04:00,72.77999877929688,73.80999755859375,71.97000122070312,72.9800033569336,72.9800033569336,321448
2021-06-30 00:00:00-04:00,73.47000122070312,74.13999938964844,72.81999969482422,73.47000122070312,73.47000122070312,383626
2021-07-01 00:00:00-04:00,73.5,76.22000122070312,73.38999938964844,75.2300033569336,75.2300033569336,615678
2021-07-02 00:00:00-04:00,75.0199966430664,75.62000274658203,74.41000366210938,75.16000366210938,75.16000366210938,377531
2021-07-06 00:00:00-04:00,75.3499984741211,76.9800033569336,72.94000244140625,73.37000274658203,73.37000274658203,714044
2021-07-07 00:00:00-04:00,73.8499984741211,74.86000061035156,71.06999969482422,72.19999694824219,72.19999694824219,607971
2021-07-08 00:00:00-04:00,72.16999816894531,73.26000213623047,70.76000213623047,72.94000244140625,72.94000244140625,529690
2021-07-09 00:00:00-04:00,73.26000213623047,74.76000213623047,72.72000122070312,74.55999755859375,74.55999755859375,422154
2021-07-12 00:00:00-04:00,74.73999786376953,74.93000030517578,73.16000366210938,74.0999984741211,74.0999984741211,397931
2021-07-13 00:00:00-04:00,74.18000030517578,75.5199966430664,73.68000030517578,75.25,75.25,444078
2021-07-14 00:00:00-04:00,75.16999816894531,75.44000244140625,72.20999908447266,73.12999725341797,73.12999725341797,528360
2021-07-15 00:00:00-04:00,72.95999908447266,72.95999908447266,71.4000015258789,71.6500015258789,71.6500015258789,368679
2021-07-16 00:00:00-04:00,71.4800033569336,72.30000305175781,70.41000366210938,71.80999755859375,71.80999755859375,133926
2021-07-19 00:00:00-04:00,71.48999786376953,71.66999816894531,65.62999725341797,66.41999816894531,66.41999816894531,82565
2021-07-20 00:00:00-04:00,66.5999984741211,67.6500015258789,65.20999908447266,67.41999816894531,67.41999816894531,561629
2021-07-21 00:00:00-04:00,66.44999694824219,70.51000213623047,66.44000244140625,70.30000305175781,70.30000305175781,503030
2021-07-22 00:00:00-04:00,70.22000122070312,72.02999877929688,69.86000061035156,71.91000366210938,71.91000366210938,435181
2021-07-23 00:00:00-04:00,71.70999908447266,72.20999908447266,71.38999938964844,72.06999969482422,72.06999969482422,274778
2021-07-26 00:00:00-04:00,72.18000030517578,72.43000030517578,70.55999755859375,71.91000366210938,71.91000366210938,395743
2021-07-27 00:00:00-04:00,72.22000122070312,72.33000183105469,71.08000183105469,71.6500015258789,71.6500015258789,333123
2021-07-28 00:00:00-04:00,71.9000015258789,72.5999984741211,71.69999694824219,72.38999938964844,72.38999938964844,318911
2021-07-29 00:00:00-04:00,72.4000015258789,73.68000030517578,72.26000213623047,73.62000274658203,73.62000274658203,294462
2021-07-30 00:00:00-04:00,73.41000366210938,74.2300033569336,72.93000030517578,73.94999694824219,73.94999694824219,303700
2021-08-02 00:00:00-04:00,73.91000366210938,73.94999694824219,70.55000305175781,71.26000213623047,71.26000213623047,448200
2021-08-03 00:00:00-04:00,71.5199966430664,71.95999908447266,69.19000244140625,70.55999755859375,70.55999755859375,509938
2021-08-04 00:00:00-04:00,70.31999969482422,70.80999755859375,67.8499984741211,68.1500015258789,68.1500015258789,582924
2021-08-05 00:00:00-04:00,68.05999755859375,69.3499984741211,67.61000061035156,69.08999633789062,69.08999633789062,416331
2021-08-06 00:00:00-04:00,69.13999938964844,70.18000030517578,67.80000305175781,68.27999877929688,68.27999877929688,537136
2021-08-09 00:00:00-04:00,67.87999725341797,67.9000015258789,65.1500015258789,66.4800033569336,66.4800033569336,598381
2021-08-10 00:00:00-04:00,66.8499984741211,68.9000015258789,66.55999755859375,68.29000091552734,68.29000091552734,452126
2021-08-11 00:00:00-04:00,68.51000213623047,69.44999694824219,66.66999816894531,69.25,69.25,513292
2021-08-12 00:00:00-04:00,69.36000061035156,69.62000274658203,68.45999908447266,69.08999633789062,69.08999633789062,352465
2021-08-13 00:00:00-04:00,68.91000366210938,69.22000122070312,67.7699966430664,68.44000244140625,68.44000244140625,272033
2021-08-16 00:00:00-04:00,68.12999725341797,68.13999938964844,65.7300033569336,67.29000091552734,67.29000091552734,334844
2021-08-17 00:00:00-04:00,67.43000030517578,67.72000122070312,66.33000183105469,66.58999633789062,66.58999633789062,235303
2021-08-18 00:00:00-04:00,66.58000183105469,67.4800033569336,64.33999633789062,65.45999908447266,65.45999908447266,121197
2021-08-19 00:00:00-04:00,64.58000183105469,64.76000213623047,62.630001068115234,63.689998626708984,63.689998626708984,88237
2021-08-20 00:00:00-04:00,64.05000305175781,64.0999984741211,62.11000061035156,62.31999969482422,62.31999969482422,365009
2021-08-23 00:00:00-04:00,61.959999084472656,66.0,61.7400016784668,65.63999938964844,65.63999938964844,397290
2021-08-24 00:00:00-04:00,65.54000091552734,67.80000305175781,65.41000366210938,67.54000091552734,67.54000091552734,335888
2021-08-25 00:00:00-04:00,67.62999725341797,68.54000091552734,66.91999816894531,68.36000061035156,68.36000061035156,353742
2021-08-26 00:00:00-04:00,68.0,68.30999755859375,67.0199966430664,67.41999816894531,67.41999816894531,344286
2021-08-27 00:00:00-04:00,67.75,69.05000305175781,67.5199966430664,68.73999786376953,68.73999786376953,326056
2021-08-30 00:00:00-04:00,69.30000305175781,69.63999938964844,67.66999816894531,69.20999908447266,69.20999908447266,360797
2021-08-31 00:00:00-04:00,69.18000030517578,69.33999633789062,68.16000366210938,68.5,68.5,325853
2021-09-01 00:00:00-04:00,68.55000305175781,69.23999786376953,67.12000274658203,68.58999633789062,68.58999633789062,399497
2021-09-02 00:00:00-04:00,68.29000091552734,70.61000061035156,67.83999633789062,69.98999786376953,69.98999786376953,403314
2021-09-03 00:00:00-04:00,69.76000213623047,70.52999877929688,69.05000305175781,69.29000091552734,69.29000091552734,313086
2021-09-07 00:00:00-04:00,69.11000061035156,69.4800033569336,67.63999938964844,68.3499984741211,68.3499984741211,481704
2021-09-08 00:00:00-04:00,68.37000274658203,69.75,68.30999755859375,69.30000305175781,69.30000305175781,389325
2021-09-09 00:00:00-04:00,69.36000061035156,69.88999938964844,67.55999755859375,68.13999938964844,68.13999938964844,556451
2021-09-10 00:00:00-04:00,67.97000122070312,69.95999908447266,67.68000030517578,69.72000122070312,69.72000122070312,411079
2021-09-13 00:00:00-04:00,69.73999786376953,70.97000122070312,69.51000213623047,70.44999694824219,70.44999694824219,390939
2021-09-14 00:00:00-04:00,70.63999938964844,71.22000122070312,69.9800033569336,70.45999908447266,70.45999908447266,414231
2021-09-15 00:00:00-04:00,70.76000213623047,73.13999938964844,70.6500015258789,72.61000061035156,72.61000061035156,418665
2021-09-16 00:00:00-04:00,72.6500015258789,72.98999786376953,71.52999877929688,72.61000061035156,72.61000061035156,298412
2021-09-17 00:00:00-04:00,72.62000274658203,72.72000122070312,71.20999908447266,71.97000122070312,71.97000122070312,119933
2021-09-20 00:00:00-04:00,71.91999816894531,72.08000183105469,69.86000061035156,70.29000091552734,70.29000091552734,75837
2021-09-21 00:00:00-04:00,70.58999633789062,71.62999725341797,69.66999816894531,70.55999755859375,70.55999755859375,393403
2021-09-22 00:00:00-04:00,70.8499984741211,72.30000305175781,70.63999938964844,72.2300033569336,72.2300033569336,381061
2021-09-23 00:00:00-04:00,71.97000122070312,73.5,71.61000061035156,73.30000305175781,73.30000305175781,403405
2021-09-24 00:00:00-04:00,73.23999786376953,74.2699966430664,72.80999755859375,73.9800033569336,73.9800033569336,350382
2021-09-27 00:00:00-04:00,74.19000244140625,75.75,74.16000366210938,75.44999694824219,75.44999694824219,417829
2021-09-28 00:00:00-04:00,75.43000030517578,76.66999816894531,74.23999786376953,75.29000091552734,75.29000091552734,476143
2021-09-29 00:00:00-04:00,74.37999725341797,75.79000091552734,73.73999786376953,74.83000183105469,74.83000183105469,424193
2021-09-30 00:00:00-04:00,74.77999877929688,76.06999969482422,73.13999938964844,75.02999877929688,75.02999877929688,583189
2021-10-01 00:00:00-04:00,75.12000274658203,75.98999786376953,74.2300033569336,75.87999725341797,75.87999725341797,388996
2021-10-04 00:00:00-04:00,75.9000015258789,78.37999725341797,75.31999969482422,77.62000274658203,77.62000274658203,458006
2021-10-05 00:00:00-04:00,77.58000183105469,79.4800033569336,77.47000122070312,78.93000030517578,78.93000030517578,449617
2021-10-06 00:00:00-04:00,79.04000091552734,79.77999877929688,76.83000183105469,77.43000030517578,77.43000030517578,459055
2021-10-07 00:00:00-04:00,77.0,78.88999938964844,74.95999908447266,78.30000305175781,78.30000305175781,545008
2021-10-08 00:00:00-04:00,78.86000061035156,80.11000061035156,78.62999725341797,79.3499984741211,79.3499984741211,662010
2021-10-11 00:00:00-04:00,79.58999633789062,82.18000030517578,79.55000305175781,80.5199966430664,80.5199966430664,653756
2021-10-12 00:00:00-04:00,80.5,81.62000274658203,79.47000122070312,80.63999938964844,80.63999938964844,598181
2021-10-13 00:00:00-04:00,80.58000183105469,81.04000091552734,79.41999816894531,80.44000244140625,80.44000244140625,487220
2021-10-14 00:00:00-04:00,80.58999633789062,81.68000030517578,80.37999725341797,81.30999755859375,81.30999755859375,399813
2021-10-15 00:00:00-04:00,81.4800033569336,82.66000366210938,81.38999938964844,82.27999877929688,82.27999877929688,277953
2021-10-18 00:00:00-04:00,82.5999984741211,83.87000274658203,81.83999633789062,82.44000244140625,82.44000244140625,134098
2021-10-19 00:00:00-04:00,82.37000274658203,83.73999786376953,81.80000305175781,82.95999908447266,82.95999908447266,82607
2021-10-20 00:00:00-04:00,83.33999633789062,84.25,81.30000305175781,83.87000274658203,83.87000274658203,530693
2021-10-21 00:00:00-04:00,83.58000183105469,83.95999908447266,80.79000091552734,82.5,82.5,567503
2021-10-22 00:00:00-04:00,82.61000061035156,84.22000122070312,81.76000213623047,83.76000213623047,83.76000213623047,465355
2021-10-25 00:00:00-04:00,83.9800033569336,85.41000366210938,83.38999938964844,83.76000213623047,83.76000213623047,568725
2021-10-26 00:00:00-04:00,83.72000122070312,84.87999725341797,82.97000122070312,84.6500015258789,84.6500015258789,467716
2021-10-27 00:00:00-04:00,84.38999938964844,84.51000213623047,82.01000213623047,82.66000366210938,82.66000366210938,529952
2021-10-28 00:00:00-04:00,82.25,83.20999908447266,80.58000183105469,82.80999755859375,82.80999755859375,491585
2021-10-29 00:00:00-04:00,83.08999633789062,83.73999786376953,81.41000366210938,83.56999969482422,83.56999969482422,507309
2021-11-01 00:00:00-04:00,83.36000061035156,84.87999725341797,82.73999786376953,84.05000305175781,84.05000305175781,412309
2021-11-02 00:00:00-04:00,83.87000274658203,84.41000366210938,82.91999816894531,83.91000366210938,83.91000366210938,429608
2021-11-03 00:00:00-04:00,83.06999969482422,83.08000183105469,79.69000244140625,80.86000061035156,80.86000061035156,546577
2021-11-04 00:00:00-04:00,80.18000030517578,83.41999816894531,78.25,78.80999755859375,78.80999755859375,701119
2021-11-05 00:00:00-04:00,79.37000274658203,81.80000305175781,78.95999908447266,81.2699966430664,81.2699966430664,531054
2021-11-08 00:00:00-05:00,81.12999725341797,82.66999816894531,81.05000305175781,81.93000030517578,81.93000030517578,393953
2021-11-09 00:00:00-05:00,82.16000366210938,84.62999725341797,81.77999877929688,84.1500015258789,84.1500015258789,504832
2021-11-10 00:00:00-05:00,84.52999877929688,84.97000122070312,80.80999755859375,81.33999633789062,81.33999633789062,555215
2021-11-11 00:00:00-05:00,81.41000366210938,82.33000183105469,80.19999694824219,81.58999633789062,81.58999633789062,475436
2021-11-12 00:00:00-05:00,81.20999908447266,81.62000274658203,79.77999877929688,80.79000091552734,80.79000091552734,390304
2021-11-15 00:00:00-05:00,80.66000366210938,81.19999694824219,79.30000305175781,80.87999725341797,80.87999725341797,343484
2021-11-16 00:00:00-05:00,80.93000030517578,81.80999755859375,80.02999877929688,80.76000213623047,80.76000213623047,325668
2021-11-17 00:00:00-05:00,80.54000091552734,80.69000244140625,77.69000244140625,78.36000061035156,78.36000061035156,174471
2021-11-18 00:00:00-05:00,78.33999633789062,79.36000061035156,77.08000183105469,79.01000213623047,79.01000213623047,83984
2021-11-19 00:00:00-05:00,78.76000213623047,79.91999816894531,75.37000274658203,76.0999984741211,76.0999984741211,623448
2021-11-22 00:00:00-05:00,75.75,77.16000366210938,74.76000213623047,76.75,76.75,465768
2021-11-23 00:00:00-05:00,76.45999908447266,78.86000061035156,75.30000305175781,78.5,78.5,506987
2021-11-24 00:00:00-05:00,78.4800033569336,79.2300033569336,77.9800033569336,78.38999938964844,78.38999938964844,328848
2021-11-25 00:00:00-05:00,78.33999633789062,78.6500015258789,77.76000213623047,78.02999877929688,78.02999877929688,328848
2021-11-26 00:00:00-05:00,78.33999633789062,78.6500015258789,67.4000015258789,68.1500015258789,68.1500015258789,844630
2021-11-29 00:00:00-05:00,69.2300033569336,72.93000030517578,68.86000061035156,69.94999694824219,69.94999694824219,675090
2021-11-30 00:00:00-05:00,70.04000091552734,71.22000122070312,64.43000030517578,66.18000030517578,66.18000030517578,722475
2021-12-01 00:00:00-05:00,67.01000213623047,69.48999786376953,64.83999633789062,65.56999969482422,65.56999969482422,602447
2021-12-02 00:00:00-05:00,65.62999725341797,67.48999786376953,62.43000030517578,66.5,66.5,668293
2021-12-03 00:00:00-05:00,67.5,69.22000122070312,65.5999984741211,66.26000213623047,66.26000213623047,449974
2021-12-06 00:00:00-05:00,67.0199966430664,70.1500015258789,66.72000122070312,69.48999786376953,69.48999786376953,401060
2021-12-07 00:00:00-05:00,69.72000122070312,73.02999877929688,69.5199966430664,72.05000305175781,72.05000305175781,496528
2021-12-08 00:00:00-05:00,71.86000061035156,73.0,70.91000366210938,72.36000061035156,72.36000061035156,464846
2021-12-09 00:00:00-05:00,72.5199966430664,73.33999633789062,70.38999938964844,70.94000244140625,70.94000244140625,393205
2021-12-10 00:00:00-05:00,70.68000030517578,72.33000183105469,70.31999969482422,71.66999816894531,71.66999816894531,397883
2021-12-13 00:00:00-05:00,72.04000091552734,73.0,70.70999908447266,71.29000091552734,71.29000091552734,406604
2021-12-14 00:00:00-05:00,71.12000274658203,72.02999877929688,69.51000213623047,70.7300033569336,70.7300033569336,359454
2021-12-15 00:00:00-05:00,70.3499984741211,71.66000366210938,69.38999938964844,70.87000274658203,70.87000274658203,294337
2021-12-16 00:00:00-05:00,71.4800033569336,72.98999786376953,71.02999877929688,72.37999725341797,72.37999725341797,142541
2021-12-17 00:00:00-05:00,71.91999816894531,72.26000213623047,69.88999938964844,70.86000061035156,70.86000061035156,78125
2021-12-20 00:00:00-05:00,70.06999969482422,70.06999969482422,66.04000091552734,68.2300033569336,68.2300033569336,492217
2021-12-21 00:00:00-05:00,69.20999908447266,71.55000305175781,68.55999755859375,71.12000274658203,71.12000274658203,358779
2021-12-22 00:00:00-05:00,71.2699966430664,73.16000366210938,70.80000305175781,72.76000213623047,72.76000213623047,306709
2021-12-23 00:00:00-05:00,73.02999877929688,73.94999694824219,72.2699966430664,73.79000091552734,73.79000091552734,270223
2021-12-27 00:00:00-05:00,73.37999725341797,76.08999633789062,72.56999969482422,75.56999969482422,75.56999969482422,268490
2021-12-28 00:00:00-05:00,75.97000122070312,76.91999816894531,75.52999877929688,75.9800033569336,75.9800033569336,249728
2021-12-29 00:00:00-05:00,76.04000091552734,77.37000274658203,75.36000061035156,76.55999755859375,76.55999755859375,283557
2021-12-30 00:00:00-05:00,76.58000183105469,77.44000244140625,75.77999877929688,76.98999786376953,76.98999786376953,231163
2021-12-31 00:00:00-05:00,76.66000366210938,77.08000183105469,74.94999694824219,75.20999908447266,75.20999908447266,237118
2022-01-03 00:00:00-05:00,75.69000244140625,76.45999908447266,74.2699966430664,76.08000183105469,76.08000183105469,317628
2022-01-04 00:00:00-05:00,76.0199966430664,77.63999938964844,75.69999694824219,76.98999786376953,76.98999786376953,372848
2022-01-05 00:00:00-05:00,77.18000030517578,78.58000183105469,76.51000213623047,77.8499984741211,77.8499984741211,397898
2022-01-06 00:00:00-05:00,77.23999786376953,80.23999786376953,76.7300033569336,79.45999908447266,79.45999908447266,476665
2022-01-07 00:00:00-05:00,79.62000274658203,80.47000122070312,78.5199966430664,78.9000015258789,78.9000015258789,414434
2022-01-10 00:00:00-05:00,78.87999725341797,79.44999694824219,77.83000183105469,78.2300033569336,78.2300033569336,389956
2022-01-11 00:00:00-05:00,78.41999816894531,81.58999633789062,78.36000061035156,81.22000122070312,81.22000122070312,481815
2022-01-12 00:00:00-05:00,81.37999725341797,83.0999984741211,81.16999816894531,82.63999938964844,82.63999938964844,420619
2022-01-13 00:00:00-05:00,82.81999969482422,82.94000244140625,81.38999938964844,82.12000274658203,82.12000274658203,364769
2022-01-14 00:00:00-05:00,81.7300033569336,84.44999694824219,81.58000183105469,83.81999969482422,83.81999969482422,364442
2022-01-18 00:00:00-05:00,84.31999969482422,86.62999725341797,83.5,85.43000030517578,85.43000030517578,163643
2022-01-19 00:00:00-05:00,86.61000061035156,87.91000366210938,85.7699966430664,86.95999908447266,86.95999908447266,113153
2022-01-20 00:00:00-05:00,86.2300033569336,87.81999969482422,86.0,86.9000015258789,86.9000015258789,532202
2022-01-21 00:00:00-05:00,84.56999969482422,85.55999755859375,82.77999877929688,85.13999938964844,85.13999938964844,509103
2022-01-24 00:00:00-05:00,84.91000366210938,86.08999633789062,81.9000015258789,83.30999755859375,83.30999755859375,511695
2022-01-25 00:00:00-05:00,84.1500015258789,85.70999908447266,82.98999786376953,85.5999984741211,85.5999984741211,507219
2022-01-26 00:00:00-05:00,85.26000213623047,87.94999694824219,85.01000213623047,87.3499984741211,87.3499984741211,459642
2022-01-27 00:00:00-05:00,87.1500015258789,88.54000091552734,86.19999694824219,86.61000061035156,86.61000061035156,427804
2022-01-28 00:00:00-05:00,87.5,88.83999633789062,86.44000244140625,86.81999969482422,86.81999969482422,436172
2022-01-31 00:00:00-05:00,87.44999694824219,88.38999938964844,86.33999633789062,88.1500015258789,88.1500015258789,359080
2022-02-01 00:00:00-05:00,88.1500015258789,88.87000274658203,86.55000305175781,88.19999694824219,88.19999694824219,376841
2022-02-02 00:00:00-05:00,88.3499984741211,89.72000122070312,87.0999984741211,88.26000213623047,88.26000213623047,456863
2022-02-03 00:00:00-05:00,87.9800033569336,90.44999694824219,86.75,90.2699966430664,90.2699966430664,465771
2022-02-04 00:00:00-05:00,90.19000244140625,93.16999816894531,90.06999969482422,92.30999755859375,92.30999755859375,410926
2022-02-07 00:00:00-05:00,91.81999969482422,92.7300033569336,90.7300033569336,91.31999969482422,91.31999969482422,497754
2022-02-08 00:00:00-05:00,91.63999938964844,91.68000030517578,88.51000213623047,89.36000061035156,89.36000061035156,467386
2022-02-09 00:00:00-05:00,89.86000061035156,90.58000183105469,88.41000366210938,89.66000366210938,89.66000366210938,445618
2022-02-10 00:00:00-05:00,90.01000213623047,91.73999786376953,89.02999877929688,89.87999725341797,89.87999725341797,492091
2022-02-11 00:00:00-05:00,90.0,94.66000366210938,89.19000244140625,93.0999984741211,93.0999984741211,554423
2022-02-14 00:00:00-05:00,93.91000366210938,95.81999969482422,92.08999633789062,95.45999908447266,95.45999908447266,467071
2022-02-15 00:00:00-05:00,94.83000183105469,95.16999816894531,90.66000366210938,92.06999969482422,92.06999969482422,442641
2022-02-16 00:00:00-05:00,92.20999908447266,95.01000213623047,90.0,93.66000366210938,93.66000366210938,401453
2022-02-17 00:00:00-05:00,90.9000015258789,93.36000061035156,90.62000274658203,91.76000213623047,91.76000213623047,212552
2022-02-18 00:00:00-05:00,91.62999725341797,92.66000366210938,89.02999877929688,91.06999969482422,91.06999969482422,150382
2022-02-22 00:00:00-05:00,91.75,96.0,90.3499984741211,92.3499984741211,92.3499984741211,789041
2022-02-23 00:00:00-05:00,91.73999786376953,93.9000015258789,90.63999938964844,92.0999984741211,92.0999984741211,440574
2022-02-24 00:00:00-05:00,92.5199966430664,100.54000091552734,91.44999694824219,92.80999755859375,92.80999755859375,872244
2022-02-25 00:00:00-05:00,93.31999969482422,95.63999938964844,90.05999755859375,91.58999633789062,91.58999633789062,523793
2022-02-28 00:00:00-05:00,94.98999786376953,99.0999984741211,94.43000030517578,95.72000122070312,95.72000122070312,490796
2022-03-01 00:00:00-05:00,96.08999633789062,106.77999877929688,95.31999969482422,103.41000366210938,103.41000366210938,698814
2022-03-02 00:00:00-05:00,107.12000274658203,112.51000213623047,105.18000030517578,110.5999984741211,110.5999984741211,651853
2022-03-03 00:00:00-05:00,111.33000183105469,116.56999969482422,106.43000030517578,107.66999816894531,107.66999816894531,592031
2022-03-04 00:00:00-05:00,107.95999908447266,116.0199966430664,107.25,115.68000030517578,115.68000030517578,493875
2022-03-07 00:00:00-05:00,121.33000183105469,130.5,115.54000091552734,119.4000015258789,119.4000015258789,576022
2022-03-08 00:00:00-05:00,120.66999816894531,129.44000244140625,117.06999969482422,123.69999694824219,123.69999694824219,583106
2022-03-09 00:00:00-05:00,124.66000366210938,126.83999633789062,103.62999725341797,108.69999694824219,108.69999694824219,594773
2022-03-10 00:00:00-05:00,110.41000366210938,114.87999725341797,105.52999877929688,106.0199966430664,106.0199966430664,437924
2022-03-11 00:00:00-05:00,105.98999786376953,110.29000091552734,104.4800033569336,109.33000183105469,109.33000183105469,368194
2022-03-14 00:00:00-04:00,109.41999816894531,109.72000122070312,99.76000213623047,103.01000213623047,103.01000213623047,344184
2022-03-15 00:00:00-04:00,102.27999877929688,102.58000183105469,93.52999877929688,96.44000244140625,96.44000244140625,401690
2022-03-16 00:00:00-04:00,95.2300033569336,99.22000122070312,94.06999969482422,95.04000091552734,95.04000091552734,293947
2022-03-17 00:00:00-04:00,95.33999633789062,104.23999786376953,94.8499984741211,102.9800033569336,102.9800033569336,210763
2022-03-18 00:00:00-04:00,103.62000274658203,106.27999877929688,102.30000305175781,104.69999694824219,104.69999694824219,74247
2022-03-21 00:00:00-04:00,105.12999725341797,112.69000244140625,104.08000183105469,112.12000274658203,112.12000274658203,77217
2022-03-22 00:00:00-04:00,112.9000015258789,115.01000213623047,109.30000305175781,111.76000213623047,111.76000213623047,318629
2022-03-23 00:00:00-04:00,108.8499984741211,115.4000015258789,108.37999725341797,114.93000030517578,114.93000030517578,289182
2022-03-24 00:00:00-04:00,114.47000122070312,116.63999938964844,110.61000061035156,112.33999633789062,112.33999633789062,307238
2022-03-25 00:00:00-04:00,111.75,114.12000274658203,108.68000030517578,113.9000015258789,113.9000015258789,320304
2022-03-28 00:00:00-04:00,112.91999816894531,112.93000030517578,102.83000183105469,105.95999908447266,105.95999908447266,372251
2022-03-29 00:00:00-04:00,103.47000122070312,107.83999633789062,98.44000244140625,104.23999786376953,104.23999786376953,387200
2022-03-30 00:00:00-04:00,105.23999786376953,108.75,104.55000305175781,107.81999969482422,107.81999969482422,284544
2022-03-31 00:00:00-04:00,107.44999694824219,107.80000305175781,99.66000366210938,100.27999877929688,100.27999877929688,450845
2022-04-01 00:00:00-04:00,101.2300033569336,101.75,97.77999877929688,99.2699966430664,99.2699966430664,324777
2022-04-04 00:00:00-04:00,98.94999694824219,103.94000244140625,98.05000305175781,103.27999877929688,103.27999877929688,288131
2022-04-05 00:00:00-04:00,103.66000366210938,105.58999633789062,99.87999725341797,101.95999908447266,101.95999908447266,280283
2022-04-06 00:00:00-04:00,101.23999786376953,104.0199966430664,95.7300033569336,96.2300033569336,96.2300033569336,366036
2022-04-07 00:00:00-04:00,97.16000366210938,98.81999969482422,93.80999755859375,96.02999877929688,96.02999877929688,367318
2022-04-08 00:00:00-04:00,97.16999816894531,98.76000213623047,95.29000091552734,98.26000213623047,98.26000213623047,310082
2022-04-11 00:00:00-04:00,98.4000015258789,98.5199966430664,92.93000030517578,94.29000091552734,94.29000091552734,315873
2022-04-12 00:00:00-04:00,95.16999816894531,101.3499984741211,94.83999633789062,100.5999984741211,100.5999984741211,329037
2022-04-13 00:00:00-04:00,100.91000366210938,104.47000122070312,99.87000274658203,104.25,104.25,312502
2022-04-14 00:00:00-04:00,104.19999694824219,107.63999938964844,102.12000274658203,106.94999694824219,106.94999694824219,244952
2022-04-18 00:00:00-04:00,107.02999877929688,109.80999755859375,106.0,108.20999908447266,108.20999908447266,68489
2022-04-19 00:00:00-04:00,107.75,108.91999816894531,102.0999984741211,102.55999755859375,102.55999755859375,71792
2022-04-20 00:00:00-04:00,103.05000305175781,104.16000366210938,100.69999694824219,102.75,102.75,299028
2022-04-21 00:00:00-04:00,102.5,105.41999816894531,102.01000213623047,103.79000091552734,103.79000091552734,280321
2022-04-22 00:00:00-04:00,104.06999969482422,104.22000122070312,101.05999755859375,102.06999969482422,102.06999969482422,246116
2022-04-25 00:00:00-04:00,101.37999725341797,101.55000305175781,95.27999877929688,98.54000091552734,98.54000091552734,328153
2022-04-26 00:00:00-04:00,98.63999938964844,102.77999877929688,97.05999755859375,101.69999694824219,101.69999694824219,351850
2022-04-27 00:00:00-04:00,101.76000213623047,102.98999786376953,99.80000305175781,102.0199966430664,102.0199966430664,278781
2022-04-28 00:00:00-04:00,102.11000061035156,105.68000030517578,100.12999725341797,105.36000061035156,105.36000061035156,312064
2022-04-29 00:00:00-04:00,105.16999816894531,107.98999786376953,103.77999877929688,104.69000244140625,104.69000244140625,294386
2022-05-02 00:00:00-04:00,104.0,105.94000244140625,100.27999877929688,105.16999816894531,105.16999816894531,261878
2022-05-03 00:00:00-04:00,105.08000183105469,105.80000305175781,102.0999984741211,102.41000366210938,102.41000366210938,239266
2022-05-04 00:00:00-04:00,103.5,108.61000061035156,102.94999694824219,107.80999755859375,107.80999755859375,272909
2022-05-05 00:00:00-04:00,107.58000183105469,111.37000274658203,106.44999694824219,108.26000213623047,108.26000213623047,286916
2022-05-06 00:00:00-04:00,108.69999694824219,111.18000030517578,107.23999786376953,109.7699966430664,109.7699966430664,294278
2022-05-09 00:00:00-04:00,110.43000030517578,110.48999786376953,102.12999725341797,103.08999633789062,103.08999633789062,368183
2022-05-10 00:00:00-04:00,102.6500015258789,104.16000366210938,98.86000061035156,99.76000213623047,99.76000213623047,389750
2022-05-11 00:00:00-04:00,99.0,106.44000244140625,98.19999694824219,105.70999908447266,105.70999908447266,382701
2022-05-12 00:00:00-04:00,105.62999725341797,107.37000274658203,102.66000366210938,106.12999725341797,106.12999725341797,323547
2022-05-13 00:00:00-04:00,106.6500015258789,110.63999938964844,106.29000091552734,110.48999786376953,110.48999786376953,240989
2022-05-16 00:00:00-04:00,110.9800033569336,114.9000015258789,108.11000061035156,114.19999694824219,114.19999694824219,289127
2022-05-17 00:00:00-04:00,113.87000274658203,115.55999755859375,111.75,112.4000015258789,112.4000015258789,252630
2022-05-18 00:00:00-04:00,113.66000366210938,115.41999816894531,108.45999908447266,109.58999633789062,109.58999633789062,103669
2022-05-19 00:00:00-04:00,109.08999633789062,112.62000274658203,105.12999725341797,112.20999908447266,112.20999908447266,68511
2022-05-20 00:00:00-04:00,111.44999694824219,114.04000091552734,110.8499984741211,113.2300033569336,113.2300033569336,229930
2022-05-23 00:00:00-04:00,110.55999755859375,111.95999908447266,109.1500015258789,110.29000091552734,110.29000091552734,215623
2022-05-24 00:00:00-04:00,110.41000366210938,111.43000030517578,108.61000061035156,109.7699966430664,109.7699966430664,224794
2022-05-25 00:00:00-04:00,110.38999938964844,111.68000030517578,109.2300033569336,110.33000183105469,110.33000183105469,191370
2022-05-26 00:00:00-04:00,110.69000244140625,114.83000183105469,110.2699966430664,114.08999633789062,114.08999633789062,234752
2022-05-27 00:00:00-04:00,114.19999694824219,115.30000305175781,112.8499984741211,115.06999969482422,115.06999969482422,217281
2022-05-31 00:00:00-04:00,114.95999908447266,119.9800033569336,114.1500015258789,114.66999816894531,114.66999816894531,440796
2022-06-01 00:00:00-04:00,115.4000015258789,117.87000274658203,114.58000183105469,115.26000213623047,115.26000213623047,290530
2022-06-02 00:00:00-04:00,114.80000305175781,117.7699966430664,111.19999694824219,116.87000274658203,116.87000274658203,327600
2022-06-03 00:00:00-04:00,117.55000305175781,120.45999908447266,115.2300033569336,118.87000274658203,118.87000274658203,240831
2022-06-06 00:00:00-04:00,120.81999969482422,120.98999786376953,117.62999725341797,118.5,118.5,246825
2022-06-07 00:00:00-04:00,119.0999984741211,120.36000061035156,117.13999938964844,119.41000366210938,119.41000366210938,341694
2022-06-08 00:00:00-04:00,119.79000091552734,123.18000030517578,119.30000305175781,122.11000061035156,122.11000061035156,340591
2022-06-09 00:00:00-04:00,122.43000030517578,122.72000122070312,120.79000091552734,121.51000213623047,121.51000213623047,293295
2022-06-10 00:00:00-04:00,121.45999908447266,122.75,118.33000183105469,120.66999816894531,120.66999816894531,352906
2022-06-13 00:00:00-04:00,120.19000244140625,122.25,117.47000122070312,120.93000030517578,120.93000030517578,372403
2022-06-14 00:00:00-04:00,121.08999633789062,123.68000030517578,116.62000274658203,118.93000030517578,118.93000030517578,366320
2022-06-15 00:00:00-04:00,119.06999969482422,119.61000061035156,114.5999984741211,115.30999755859375,115.30999755859375,301750
2022-06-16 00:00:00-04:00,115.9800033569336,118.08000183105469,112.30999755859375,117.58999633789062,117.58999633789062,162543
2022-06-17 00:00:00-04:00,117.08000183105469,118.97000122070312,108.25,109.55999755859375,109.55999755859375,103149
2022-06-20 00:00:00-04:00,110.58000183105469,110.94999694824219,108.72000122070312,110.2699966430664,110.2699966430664,103149
2022-06-21 00:00:00-04:00,110.58000183105469,112.47000122070312,108.72000122070312,110.6500015258789,110.6500015258789,427262
2022-06-22 00:00:00-04:00,109.54000091552734,109.76000213623047,101.52999877929688,106.19000244140625,106.19000244140625,432724
2022-06-23 00:00:00-04:00,104.41999816894531,107.05000305175781,102.31999969482422,104.2699966430664,104.2699966430664,346362
2022-06-24 00:00:00-04:00,103.98999786376953,108.58000183105469,103.63999938964844,107.62000274658203,107.62000274658203,321591
2022-06-27 00:00:00-04:00,107.22000122070312,110.54000091552734,105.5999984741211,109.56999969482422,109.56999969482422,282914
2022-06-28 00:00:00-04:00,110.18000030517578,112.22000122070312,109.62000274658203,111.76000213623047,111.76000213623047,306748
2022-06-29 00:00:00-04:00,111.86000061035156,114.05000305175781,109.22000122070312,109.77999877929688,109.77999877929688,322060
2022-06-30 00:00:00-04:00,109.69999694824219,110.44999694824219,105.0999984741211,105.76000213623047,105.76000213623047,362890
2022-07-01 00:00:00-04:00,106.01000213623047,109.33999633789062,104.55999755859375,108.43000030517578,108.43000030517578,305338
2022-07-05 00:00:00-04:00,108.80000305175781,111.44999694824219,97.43000030517578,99.5,99.5,594215
2022-07-06 00:00:00-04:00,100.36000061035156,102.13999938964844,95.0999984741211,98.52999877929688,98.52999877929688,444106
2022-07-07 00:00:00-04:00,98.22000122070312,104.4800033569336,96.56999969482422,102.7300033569336,102.7300033569336,379861
2022-07-08 00:00:00-04:00,102.22000122070312,105.23999786376953,101.51000213623047,104.79000091552734,104.79000091552734,327461
2022-07-11 00:00:00-04:00,104.79000091552734,105.05000305175781,100.88999938964844,104.08999633789062,104.08999633789062,348566
2022-07-12 00:00:00-04:00,103.45999908447266,103.48999786376953,95.3499984741211,95.83999633789062,95.83999633789062,398552
2022-07-13 00:00:00-04:00,95.88999938964844,97.95999908447266,93.66999816894531,96.30000305175781,96.30000305175781,347193
2022-07-14 00:00:00-04:00,96.56999969482422,97.0,90.55999755859375,95.77999877929688,95.77999877929688,387528
2022-07-15 00:00:00-04:00,96.38999938964844,99.02999877929688,94.56999969482422,97.58999633789062,97.58999633789062,240766
2022-07-18 00:00:00-04:00,97.2699966430664,102.80000305175781,95.8499984741211,102.5999984741211,102.5999984741211,84669
2022-07-19 00:00:00-04:00,102.0,104.45999908447266,99.8499984741211,104.22000122070312,104.22000122070312,63149
2022-07-20 00:00:00-04:00,103.5999984741211,104.38999938964844,101.51000213623047,102.26000213623047,102.26000213623047,315620
2022-07-21 00:00:00-04:00,99.91000366210938,99.98999786376953,94.58999633789062,96.3499984741211,96.3499984741211,318911
2022-07-22 00:00:00-04:00,96.51000213623047,97.94999694824219,94.2300033569336,94.69999694824219,94.69999694824219,307568
2022-07-25 00:00:00-04:00,95.0999984741211,96.94000244140625,93.01000213623047,96.69999694824219,96.69999694824219,278998
2022-07-26 00:00:00-04:00,96.33000183105469,99.0,94.76000213623047,94.9800033569336,94.9800033569336,310043
2022-07-27 00:00:00-04:00,95.5999984741211,98.58999633789062,94.30000305175781,97.26000213623047,97.26000213623047,321903
2022-07-28 00:00:00-04:00,98.16999816894531,99.83999633789062,96.04000091552734,96.41999816894531,96.41999816894531,318403
2022-07-29 00:00:00-04:00,97.30000305175781,101.87999725341797,96.41000366210938,98.62000274658203,98.62000274658203,349374
2022-08-01 00:00:00-04:00,98.45999908447266,98.6500015258789,92.41999816894531,93.88999938964844,93.88999938964844,365293
2022-08-02 00:00:00-04:00,93.75,96.47000122070312,92.58999633789062,94.41999816894531,94.41999816894531,328538
2022-08-03 00:00:00-04:00,93.83000183105469,96.56999969482422,90.37999725341797,90.66000366210938,90.66000366210938,395099
2022-08-04 00:00:00-04:00,90.94999694824219,91.9000015258789,87.55000305175781,88.54000091552734,88.54000091552734,334931
2022-08-05 00:00:00-04:00,88.05999755859375,90.76000213623047,87.01000213623047,89.01000213623047,89.01000213623047,350016
2022-08-08 00:00:00-04:00,88.45999908447266,90.88999938964844,87.22000122070312,90.76000213623047,90.76000213623047,340157
2022-08-09 00:00:00-04:00,90.69000244140625,92.6500015258789,89.05000305175781,90.5,90.5,347045
2022-08-10 00:00:00-04:00,90.51000213623047,92.43000030517578,87.66000366210938,91.93000030517578,91.93000030517578,383766
2022-08-11 00:00:00-04:00,91.55000305175781,95.05000305175781,91.23999786376953,94.33999633789062,94.33999633789062,341234
2022-08-12 00:00:00-04:00,94.08999633789062,94.80999755859375,91.16000366210938,92.08999633789062,92.08999633789062,264953
2022-08-15 00:00:00-04:00,91.94000244140625,92.0999984741211,86.81999969482422,89.41000366210938,89.41000366210938,275443
2022-08-16 00:00:00-04:00,87.93000030517578,90.6500015258789,85.7300033569336,86.52999877929688,86.52999877929688,305366
2022-08-17 00:00:00-04:00,87.0999984741211,89.16000366210938,85.87999725341797,88.11000061035156,88.11000061035156,230346
2022-08-18 00:00:00-04:00,87.38999938964844,91.45999908447266,87.31999969482422,90.5,90.5,80029
2022-08-19 00:00:00-04:00,90.38999938964844,92.08999633789062,88.37999725341797,90.7699966430664,90.7699966430664,58714
2022-08-22 00:00:00-04:00,89.6500015258789,91.26000213623047,86.5999984741211,90.2300033569336,90.2300033569336,352665
2022-08-23 00:00:00-04:00,90.55000305175781,94.22000122070312,90.41999816894531,93.73999786376953,93.73999786376953,285607
2022-08-24 00:00:00-04:00,93.77999877929688,95.4000015258789,92.79000091552734,94.88999938964844,94.88999938964844,320388
2022-08-25 00:00:00-04:00,95.3499984741211,95.76000213623047,92.29000091552734,92.5199966430664,92.5199966430664,279877
2022-08-26 00:00:00-04:00,93.05999755859375,94.0199966430664,91.08000183105469,93.05999755859375,93.05999755859375,288392
2022-08-29 00:00:00-04:00,92.95999908447266,97.37000274658203,92.29000091552734,97.01000213623047,97.01000213623047,283463
2022-08-30 00:00:00-04:00,96.9000015258789,97.66000366210938,90.54000091552734,91.63999938964844,91.63999938964844,386272
2022-08-31 00:00:00-04:00,92.30999755859375,92.7300033569336,88.2699966430664,89.55000305175781,89.55000305175781,344147
2022-09-01 00:00:00-04:00,88.83000183105469,89.62999725341797,85.9800033569336,86.61000061035156,86.61000061035156,305106
2022-09-02 00:00:00-04:00,86.55999755859375,89.66000366210938,86.3499984741211,86.87000274658203,86.87000274658203,277533
2022-09-06 00:00:00-04:00,86.83999633789062,90.38999938964844,86.18000030517578,86.87999725341797,86.87999725341797,420255
2022-09-07 00:00:00-04:00,86.93000030517578,87.76000213623047,81.5,81.94000244140625,81.94000244140625,380781
2022-09-08 00:00:00-04:00,81.91000366210938,84.25,81.19999694824219,83.54000091552734,83.54000091552734,342763
2022-09-09 00:00:00-04:00,82.80000305175781,87.19999694824219,82.70999908447266,86.79000091552734,86.79000091552734,305188
2022-09-12 00:00:00-04:00,86.25,89.0999984741211,85.16000366210938,87.77999877929688,87.77999877929688,275104
2022-09-13 00:00:00-04:00,88.08999633789062,89.30999755859375,85.05999755859375,87.30999755859375,87.30999755859375,347998
2022-09-14 00:00:00-04:00,87.94000244140625,90.19000244140625,86.18000030517578,88.4800033569336,88.4800033569336,335381
2022-09-15 00:00:00-04:00,88.91000366210938,89.1500015258789,84.52999877929688,85.0999984741211,85.0999984741211,235358
2022-09-16 00:00:00-04:00,85.16000366210938,86.58999633789062,84.2699966430664,85.11000061035156,85.11000061035156,87829
2022-09-19 00:00:00-04:00,85.20999908447266,86.22000122070312,82.0999984741211,85.7300033569336,85.7300033569336,59626
2022-09-20 00:00:00-04:00,85.61000061035156,86.44999694824219,83.5199966430664,84.44999694824219,84.44999694824219,279813
2022-09-21 00:00:00-04:00,84.25,86.68000030517578,82.48999786376953,82.94000244140625,82.94000244140625,339683
2022-09-22 00:00:00-04:00,83.06999969482422,86.0,82.4000015258789,83.48999786376953,83.48999786376953,303492
2022-09-23 00:00:00-04:00,83.54000091552734,83.91999816894531,78.04000091552734,78.73999786376953,78.73999786376953,334271
2022-09-26 00:00:00-04:00,79.2300033569336,80.30999755859375,76.25,76.70999908447266,76.70999908447266,280927
2022-09-27 00:00:00-04:00,76.47000122070312,79.51000213623047,76.41999816894531,78.5,78.5,283614
2022-09-28 00:00:00-04:00,78.08000183105469,82.33999633789062,76.55000305175781,82.1500015258789,82.1500015258789,324678
2022-09-29 00:00:00-04:00,81.9000015258789,82.94000244140625,80.33999633789062,81.2300033569336,81.2300033569336,286126
2022-09-30 00:00:00-04:00,81.73999786376953,82.55999755859375,79.13999938964844,79.48999786376953,79.48999786376953,253154
2022-10-03 00:00:00-04:00,81.0199966430664,84.55999755859375,80.87000274658203,83.62999725341797,83.62999725341797,287168
2022-10-04 00:00:00-04:00,83.22000122070312,86.9800033569336,83.22000122070312,86.5199966430664,86.5199966430664,302549
2022-10-05 00:00:00-04:00,86.37000274658203,88.41999816894531,85.41999816894531,87.76000213623047,87.76000213623047,329790
2022-10-06 00:00:00-04:00,88.08000183105469,89.06999969482422,87.04000091552734,88.44999694824219,88.44999694824219,235296
2022-10-07 00:00:00-04:00,88.93000030517578,93.30999755859375,88.0,92.63999938964844,92.63999938964844,429162
2022-10-10 00:00:00-04:00,93.4800033569336,93.63999938964844,90.54000091552734,91.12999725341797,91.12999725341797,289508
2022-10-11 00:00:00-04:00,91.13999938964844,91.3499984741211,87.91000366210938,89.3499984741211,89.3499984741211,333158
2022-10-12 00:00:00-04:00,88.66999816894531,90.06999969482422,86.27999877929688,87.2699966430664,87.2699966430664,332271
2022-10-13 00:00:00-04:00,87.08000183105469,89.66000366210938,85.55999755859375,89.11000061035156,89.11000061035156,298032
2022-10-14 00:00:00-04:00,89.2699966430664,89.7300033569336,85.19999694824219,85.61000061035156,85.61000061035156,237026
2022-10-17 00:00:00-04:00,85.58999633789062,87.12000274658203,84.61000061035156,85.45999908447266,85.45999908447266,172020
2022-10-18 00:00:00-04:00,85.69999694824219,86.51000213623047,82.08999633789062,82.81999969482422,82.81999969482422,97304
2022-10-19 00:00:00-04:00,83.69000244140625,86.19999694824219,82.58999633789062,85.55000305175781,85.55000305175781,71309
2022-10-20 00:00:00-04:00,85.94000244140625,88.16999816894531,85.22000122070312,85.9800033569336,85.9800033569336,338344
2022-10-21 00:00:00-04:00,85.06999969482422,85.9000015258789,83.1500015258789,85.05000305175781,85.05000305175781,272803
2022-10-24 00:00:00-04:00,85.23999786376953,85.91999816894531,82.62999725341797,84.58000183105469,84.58000183105469,250726
2022-10-25 00:00:00-04:00,84.87999725341797,86.02999877929688,83.05999755859375,85.31999969482422,85.31999969482422,240441
2022-10-26 00:00:00-04:00,85.06999969482422,88.41000366210938,84.13999938964844,87.91000366210938,87.91000366210938,287182
2022-10-27 00:00:00-04:00,88.26000213623047,89.79000091552734,87.33000183105469,89.08000183105469,89.08000183105469,292556
2022-10-28 00:00:00-04:00,88.66999816894531,88.76000213623047,87.08000183105469,87.9000015258789,87.9000015258789,263404
2022-10-31 00:00:00-04:00,88.38999938964844,88.6500015258789,85.30000305175781,86.52999877929688,86.52999877929688,285342
2022-11-01 00:00:00-04:00,86.43000030517578,89.44999694824219,85.91999816894531,88.37000274658203,88.37000274658203,274321
2022-11-02 00:00:00-04:00,88.62000274658203,90.36000061035156,87.72000122070312,90.0,90.0,280961
2022-11-03 00:00:00-04:00,89.3499984741211,89.66999816894531,87.5999984741211,88.16999816894531,88.16999816894531,239816
2022-11-04 00:00:00-04:00,87.9000015258789,92.87000274658203,87.81999969482422,92.61000061035156,92.61000061035156,354060
2022-11-07 00:00:00-05:00,91.0,93.73999786376953,90.4000015258789,91.79000091552734,91.79000091552734,322419
2022-11-08 00:00:00-05:00,91.87000274658203,92.16999816894531,88.5199966430664,88.91000366210938,88.91000366210938,344223
2022-11-09 00:00:00-05:00,88.56999969482422,89.23999786376953,85.5,85.83000183105469,85.83000183105469,388301
2022-11-10 00:00:00-05:00,85.8499984741211,87.3499984741211,84.69999694824219,86.47000122070312,86.47000122070312,340007
2022-11-11 00:00:00-05:00,86.2699966430664,90.0999984741211,86.18000030517578,88.95999908447266,88.95999908447266,301664
2022-11-14 00:00:00-05:00,89.0199966430664,89.83999633789062,85.1500015258789,85.87000274658203,85.87000274658203,315450
2022-11-15 00:00:00-05:00,85.25,88.68000030517578,84.05999755859375,86.91999816894531,86.91999816894531,331709
2022-11-16 00:00:00-05:00,86.88999938964844,87.51000213623047,84.19999694824219,85.58999633789062,85.58999633789062,225668
2022-11-17 00:00:00-05:00,85.22000122070312,85.44999694824219,81.4000015258789,81.63999938964844,81.63999938964844,138476
2022-11-18 00:00:00-05:00,82.08999633789062,82.63999938964844,77.23999786376953,80.08000183105469,80.08000183105469,96583
2022-11-21 00:00:00-05:00,80.30000305175781,80.30000305175781,75.08000183105469,79.7300033569336,79.7300033569336,475104
2022-11-22 00:00:00-05:00,80.22000122070312,82.36000061035156,79.8499984741211,80.94999694824219,80.94999694824219,269615
2022-11-23 00:00:00-05:00,81.08000183105469,81.94999694824219,76.83000183105469,77.94000244140625,77.94000244140625,379145
2022-11-25 00:00:00-05:00,77.51000213623047,79.9000015258789,76.22000122070312,76.27999877929688,76.27999877929688,266451
2022-11-28 00:00:00-05:00,75.93000030517578,77.83999633789062,73.5999984741211,77.23999786376953,77.23999786376953,405033
2022-11-29 00:00:00-05:00,76.54000091552734,79.6500015258789,76.29000091552734,78.19999694824219,78.19999694824219,381869
2022-11-30 00:00:00-05:00,79.0,81.37999725341797,78.4000015258789,80.55000305175781,80.55000305175781,287534
2022-12-01 00:00:00-05:00,80.4000015258789,83.33999633789062,79.93000030517578,81.22000122070312,81.22000122070312,321432
2022-12-02 00:00:00-05:00,81.47000122070312,82.22000122070312,79.6500015258789,79.9800033569336,79.9800033569336,280235
2022-12-05 00:00:00-05:00,79.98999786376953,82.72000122070312,76.7699966430664,76.93000030517578,76.93000030517578,346657
2022-12-06 00:00:00-05:00,77.3499984741211,77.87999725341797,73.41000366210938,74.25,74.25,380598
2022-12-07 00:00:00-05:00,74.55000305175781,75.37999725341797,71.75,72.01000213623047,72.01000213623047,392236
2022-12-08 00:00:00-05:00,72.37999725341797,75.44000244140625,71.12000274658203,71.45999908447266,71.45999908447266,474459
2022-12-09 00:00:00-05:00,71.8499984741211,72.91999816894531,70.08000183105469,71.0199966430664,71.0199966430664,356722
2022-12-12 00:00:00-05:00,71.79000091552734,73.98999786376953,70.25,73.16999816894531,73.16999816894531,323553
2022-12-13 00:00:00-05:00,73.29000091552734,76.37000274658203,73.20999908447266,75.38999938964844,75.38999938964844,352858
2022-12-14 00:00:00-05:00,75.2699966430664,77.75,74.9000015258789,77.27999877929688,77.27999877929688,292488
2022-12-15 00:00:00-05:00,77.37000274658203,77.7699966430664,75.33000183105469,76.11000061035156,76.11000061035156,224663
2022-12-16 00:00:00-05:00,76.37000274658203,76.56999969482422,73.33000183105469,74.29000091552734,74.29000091552734,99205
2022-12-19 00:00:00-05:00,74.5,76.41000366210938,73.80999755859375,75.19000244140625,75.19000244140625,69348
2022-12-20 00:00:00-05:00,75.69999694824219,76.75,74.30999755859375,76.08999633789062,76.08999633789062,254792
2022-12-21 00:00:00-05:00,75.98999786376953,78.61000061035156,75.80000305175781,78.29000091552734,78.29000091552734,234624
2022-12-22 00:00:00-05:00,78.43000030517578,79.9000015258789,77.02999877929688,77.48999786376953,77.48999786376953,219142
2022-12-23 00:00:00-05:00,78.18000030517578,80.33000183105469,77.9800033569336,79.55999755859375,79.55999755859375,237711
2022-12-27 00:00:00-05:00,79.9000015258789,81.18000030517578,79.16000366210938,79.52999877929688,79.52999877929688,199601
2022-12-28 00:00:00-05:00,79.88999938964844,79.91999816894531,77.30000305175781,78.95999908447266,78.95999908447266,207717
2022-12-29 00:00:00-05:00,78.81999969482422,78.81999969482422,76.79000091552734,78.4000015258789,78.4000015258789,199858
2022-12-30 00:00:00-05:00,78.7300033569336,80.66999816894531,77.70999908447266,80.26000213623047,80.26000213623047,205909
2023-01-03 00:00:00-05:00,80.56999969482422,81.5,76.5999984741211,76.93000030517578,76.93000030517578,338520
2023-01-04 00:00:00-05:00,77.25,77.41999816894531,72.7300033569336,72.83999633789062,72.83999633789062,352434
2023-01-05 00:00:00-05:00,73.25,74.91999816894531,72.45999908447266,73.66999816894531,73.66999816894531,300731
2023-01-06 00:00:00-05:00,73.97000122070312,75.47000122070312,73.23999786376953,73.7699966430664,73.7699966430664,258128
2023-01-09 00:00:00-05:00,73.47000122070312,76.73999786376953,73.47000122070312,74.62999725341797,74.62999725341797,329290
2023-01-10 00:00:00-05:00,74.86000061035156,75.91999816894531,73.83999633789062,75.12000274658203,75.12000274658203,307430
2023-01-11 00:00:00-05:00,74.77999877929688,77.83999633789062,74.30999755859375,77.41000366210938,77.41000366210938,350891
2023-01-12 00:00:00-05:00,77.69999694824219,79.16000366210938,77.0999984741211,78.38999938964844,78.38999938964844,307705
2023-01-13 00:00:00-05:00,78.31999969482422,80.11000061035156,77.97000122070312,79.86000061035156,79.86000061035156,283539
2023-01-16 00:00:00-05:00,80.0999984741211,80.22000122070312,78.52999877929688,78.8499984741211,78.8499984741211,283539
2023-01-17 00:00:00-05:00,80.0999984741211,81.2300033569336,78.52999877929688,80.18000030517578,80.18000030517578,312275
2023-01-18 00:00:00-05:00,80.97000122070312,82.37999725341797,78.94000244140625,79.4800033569336,79.4800033569336,92549
2023-01-19 00:00:00-05:00,79.13999938964844,81.18000030517578,78.12999725341797,80.33000183105469,80.33000183105469,58863
2023-01-20 00:00:00-05:00,80.5999984741211,81.63999938964844,79.69000244140625,81.30999755859375,81.30999755859375,300145
2023-01-23 00:00:00-05:00,81.79000091552734,82.63999938964844,81.05000305175781,81.62000274658203,81.62000274658203,297076
2023-01-24 00:00:00-05:00,81.62000274658203,82.22000122070312,79.66000366210938,80.12999725341797,80.12999725341797,288207
2023-01-25 00:00:00-05:00,80.26000213623047,81.2300033569336,79.44999694824219,80.1500015258789,80.1500015258789,297234
2023-01-26 00:00:00-05:00,80.4800033569336,82.13999938964844,79.91999816894531,81.01000213623047,81.01000213623047,291060
2023-01-27 00:00:00-05:00,81.22000122070312,82.4800033569336,79.04000091552734,79.68000030517578,79.68000030517578,291060
2023-01-29 00:00:00-05:00,81.22000122070312,80.48999786376953,79.8499984741211,79.9800033569336,79.9800033569336,15194
